Test ID,Summary,Module,Priority,Trigger for Regression,Test Description,Expected Result,Tags,Execution Phase
RT-001,"Login & Authentication - Verify login, session & tokens",Login & Authentication,High,After changes in login or auth module,"Verify login with valid and invalid credentials, session management, and token validation",Login and session functionality works without regression,"Regression,Security",Post-Release
RT-002,Real-Time Messaging - Verify send/receive and delivery status,Real-Time Messaging,Critical,After any changes to chat APIs or socket implementation,Check message send/receive between users and message delivery status,Messages sent and received instantly with correct status indicators,"Regression,Functional",Post-Deployment
RT-003,Group Chat Module - Verify group messaging visibility,Group Chat Module,High,After group or participant management updates,"Create group, send message, verify visibility for all participants",Messages visible to all participants without delay,"Regression,Functional",Sprint-2
RT-004,File Sharing - Verify upload/download and integrity,File Sharing,Medium,After file upload/download or storage API changes,"Send image, video, and document files; verify successful transfer",Files shared and downloaded correctly without corruption,"Regression,Performance",Sprint-3
RT-005,Chat History Persistence - Verify logs after refresh/login,Chat History Persistence,High,After database schema or session management updates,Check message logs after refresh and re-login,Chat history persists accurately,"Regression,Database",Sprint-4
RT-006,Notifications - Verify offline and push notifications,Notifications,Medium,After push notification or backend service update,Send message when user offline and verify notification received,Notifications received promptly on mobile/web,"Regression,Functional",Post-Release
RT-007,Server Downtime Handling - Verify error handling & retries,Server Downtime Handling,High,After infrastructure or error handling code updates,"Simulate network loss, try sending messages",App displays meaningful error and retries automatically,"Regression,Stability",Sprint-5
RT-008,Performance under Load - Verify behavior under 1000+ users,Performance under Load,Critical,After backend performance optimizations,Simulate 1000+ concurrent users sending messages,"No crash, response time < 2 seconds","Performance,Regression",Post-Deployment
RT-009,Data Security and Encryption - Verify encryption in transit & at rest,Data Security and Encryption,Critical,After security patch or encryption logic update,Inspect data packets and stored messages,All messages encrypted in transit and at rest,"Security,Regression",Release-1.1
RT-010,End-to-End Regression Test - Full cycle verification,End-to-End Regression Test,Critical,After each major deployment,"Perform login, chat, logout flow with multiple users",System functions correctly across all modules,"Regression,FullCycle",Every Release
